{
  "id": "3399118",
  "name": "60x60",
  "font_family": "iconfont",
  "css_prefix_text": "icon-",
  "description": "",
  "glyphs": [
    {
      "icon_id": "29705879",
      "name": "Wireless",
      "font_class": "Wireless",
      "unicode": "e63c",
      "unicode_decimal": 58940
    },
    {
      "icon_id": "29705880",
      "name": "Console",
      "font_class": "Console",
      "unicode": "e63d",
      "unicode_decimal": 58941
    },
    {
      "icon_id": "29705881",
      "name": "Sound",
      "font_class": "Sound",
      "unicode": "e63e",
      "unicode_decimal": 58942
    },
    {
      "icon_id": "29705882",
      "name": "Style",
      "font_class": "Style",
      "unicode": "e63f",
      "unicode_decimal": 58943
    },
    {
      "icon_id": "29705883",
      "name": "Customize 1",
      "font_class": "a-Customize1",
      "unicode": "e640",
      "unicode_decimal": 58944
    },
    {
      "icon_id": "29705884",
      "name": "Language",
      "font_class": "Language",
      "unicode": "e641",
      "unicode_decimal": 58945
    },
    {
      "icon_id": "29705885",
      "name": "Customize 2",
      "font_class": "a-Customize2",
      "unicode": "e642",
      "unicode_decimal": 58946
    },
    {
      "icon_id": "29705886",
      "name": "Customize 3",
      "font_class": "a-Customize3",
      "unicode": "e643",
      "unicode_decimal": 58947
    }
  ]
}
