{
  "id": "3274404",
  "name": "40x40",
  "font_family": "DLC32-CNC",
  "css_prefix_text": "icon-",
  "description": "",
  "glyphs": [
    {
      "icon_id": "29708386",
      "name": "Back",
      "font_class": "Back",
      "unicode": "e646",
      "unicode_decimal": 58950
    },
    {
      "icon_id": "29708372",
      "name": "keyboard_back",
      "font_class": "keyboard_back1",
      "unicode": "e63d",
      "unicode_decimal": 58941
    },
    {
      "icon_id": "29708373",
      "name": "keyboard_del",
      "font_class": "keyboard_del",
      "unicode": "e645",
      "unicode_decimal": 58949
    },
    {
      "icon_id": "29708374",
      "name": "keyboard_confirm",
      "font_class": "keyboard_confirm",
      "unicode": "e64b",
      "unicode_decimal": 58955
    },
    {
      "icon_id": "29705501",
      "name": "Mechanical coordinates-1",
      "font_class": "a-Mechanicalcoordinates-1",
      "unicode": "e65a",
      "unicode_decimal": 58970
    },
    {
      "icon_id": "29705502",
      "name": "home",
      "font_class": "home",
      "unicode": "e65b",
      "unicode_decimal": 58971
    },
    {
      "icon_id": "29705505",
      "name": "Y+",
      "font_class": "a-Y",
      "unicode": "e65e",
      "unicode_decimal": 58974
    },
    {
      "icon_id": "29705509",
      "name": "wifi",
      "font_class": "wifi",
      "unicode": "e662",
      "unicode_decimal": 58978
    },
    {
      "icon_id": "29705510",
      "name": "Working coordinates",
      "font_class": "a-Workingcoordinates",
      "unicode": "e663",
      "unicode_decimal": 58979
    },
    {
      "icon_id": "29705512",
      "name": "XY Clear",
      "font_class": "a-XYClear",
      "unicode": "e665",
      "unicode_decimal": 58981
    },
    {
      "icon_id": "29705465",
      "name": "Add",
      "font_class": "Add",
      "unicode": "e636",
      "unicode_decimal": 58934
    },
    {
      "icon_id": "29705466",
      "name": "Connection succeeded",
      "font_class": "a-Connectionsucceeded",
      "unicode": "e637",
      "unicode_decimal": 58935
    },
    {
      "icon_id": "29705468",
      "name": "about",
      "font_class": "about",
      "unicode": "e639",
      "unicode_decimal": 58937
    },
    {
      "icon_id": "29705469",
      "name": "Confirm",
      "font_class": "Confirm",
      "unicode": "e63a",
      "unicode_decimal": 58938
    },
    {
      "icon_id": "29705471",
      "name": "Next",
      "font_class": "Next",
      "unicode": "e63c",
      "unicode_decimal": 58940
    },
    {
      "icon_id": "29705473",
      "name": "Knife",
      "font_class": "Knife",
      "unicode": "e63e",
      "unicode_decimal": 58942
    },
    {
      "icon_id": "29705474",
      "name": "Position",
      "font_class": "Position",
      "unicode": "e63f",
      "unicode_decimal": 58943
    },
    {
      "icon_id": "29705475",
      "name": "Pause",
      "font_class": "Pause",
      "unicode": "e640",
      "unicode_decimal": 58944
    },
    {
      "icon_id": "29705476",
      "name": "Mechanical coordinates",
      "font_class": "a-Mechanicalcoordinates",
      "unicode": "e641",
      "unicode_decimal": 58945
    },
    {
      "icon_id": "29705477",
      "name": "file",
      "font_class": "file",
      "unicode": "e642",
      "unicode_decimal": 58946
    },
    {
      "icon_id": "29705478",
      "name": "Adjustment",
      "font_class": "Adjustment",
      "unicode": "e643",
      "unicode_decimal": 58947
    },
    {
      "icon_id": "29705479",
      "name": "Reduce",
      "font_class": "Reduce",
      "unicode": "e644",
      "unicode_decimal": 58948
    },
    {
      "icon_id": "29705482",
      "name": "Spindle",
      "font_class": "Spindle",
      "unicode": "e647",
      "unicode_decimal": 58951
    },
    {
      "icon_id": "29705483",
      "name": "up",
      "font_class": "up",
      "unicode": "e648",
      "unicode_decimal": 58952
    },
    {
      "icon_id": "29705484",
      "name": "Refresh",
      "font_class": "Refresh",
      "unicode": "e649",
      "unicode_decimal": 58953
    },
    {
      "icon_id": "29705485",
      "name": "Stop",
      "font_class": "Stop",
      "unicode": "e64a",
      "unicode_decimal": 58954
    },
    {
      "icon_id": "29705488",
      "name": "Start",
      "font_class": "Start",
      "unicode": "e64d",
      "unicode_decimal": 58957
    },
    {
      "icon_id": "29705489",
      "name": "X-",
      "font_class": "X-",
      "unicode": "e64e",
      "unicode_decimal": 58958
    },
    {
      "icon_id": "29705490",
      "name": "Z-",
      "font_class": "Z-",
      "unicode": "e64f",
      "unicode_decimal": 58959
    },
    {
      "icon_id": "29705491",
      "name": "X+",
      "font_class": "a-X",
      "unicode": "e650",
      "unicode_decimal": 58960
    },
    {
      "icon_id": "29705492",
      "name": "Cooling",
      "font_class": "Cooling",
      "unicode": "e651",
      "unicode_decimal": 58961
    },
    {
      "icon_id": "29705493",
      "name": "Wifi Disconnect",
      "font_class": "a-WifiDisconnect",
      "unicode": "e652",
      "unicode_decimal": 58962
    },
    {
      "icon_id": "29705497",
      "name": "Z+",
      "font_class": "a-Z",
      "unicode": "e656",
      "unicode_decimal": 58966
    },
    {
      "icon_id": "29705499",
      "name": "Z Clear",
      "font_class": "a-ZClear",
      "unicode": "e658",
      "unicode_decimal": 58968
    },
    {
      "icon_id": "29705500",
      "name": "Y-",
      "font_class": "Y-",
      "unicode": "e659",
      "unicode_decimal": 58969
    }
  ]
}
